año,developer
2015,Code}{atch
2014,"Expansive Worlds,Avalanche Studios"
2015,Entrada Interactive LLC
2015,Valve
2015,Facepunch Studios
2014,Cosmic Cow LLC
2015,Valve
2015,Torn Banner Studios
2015,Splash Damage
2015,Shumkov Dmitriy
2015,Smartly Dressed Games
2015,Valve
2015,Bohemia Interactive
2015,Hello Games
2015,Milestone S.r.l.
2015,Freejam
2015,Trion Worlds
2015,Gone North Games
2015,Kuno Interactive
2015,Valve
2015,Phosphor Games Studio
2014,"Crystal Dynamics,Feral Interactive (Mac),Feral Interactive (Linux)"
2015,"Ubisoft Paris,Red Storm Entertainment"
2015,Freejam
2013,Day 1 Studios
2013,Lukewarm Media
2014,Smartly Dressed Games
2015,Visual Concepts
2015,Shumkov Dmitriy
2015,Bohemia Interactive
2013,id Software
2015,Hello Games
2015,Facepunch Studios
2015,5Wolf
2015,Ubisoft
2015,Sauropod Studio
2015,Coffee Stain Studios
2012,Slant Six Games
2015,Jagex Limited
2015,"M2H,Blackmill Games"
2014,Reto-Moto
2014,Muse Games
2011,Broken Rules
2014,CCP
2015,Trion Worlds
2015,Paul Fisch
2015,Rockstar North
2015,Cherry Pop Games
2015,Konami Digital Entertainment
2015,Ubisoft Montreal
2015,WARTEAM
2015,Smartly Dressed Games
2015,Phosphor Games Studio
2014,Net Games Laboratory
2015,Facepunch Studios
2015,Valve
2015,Rockstar North
2015,"Ubisoft Montreal, Red Storm, Shanghai, Toronto, Kiev"
2015,"Monochrome, Inc"
2015,Joycity
2015,777 Studios
2015,Facepunch Studios
2015,Valve
2014,Ubisoft
2014,Dead Mage
2015,FromSoftware
2014,Arrowhead Game Studios
2015,Torn Banner Studios
2014,Grey Havens
2014,Archive Entertainment
2015,Raptor Claw Games
2015,Bohemia Interactive
2015,Hello Games
2015,Paradox Development Studio
2014,Telltale Games
2015,Reto-Moto
2015,Bohemia Interactive
2014,Chucklefish
2015,Facepunch Studios
2013,City Interactive
2015,Facepunch Studios
2015,Valve
2014,Avalanche Studios
2014,Treyarch
2015,"Expansive Worlds,Avalanche Studios"
2014,Ubisoft
2015,Zenimax Online Studios
2015,Valve
2015,Valve
2015,Dodge Roll
2015,Freejam
2014,Edge of Reality
2015,"FromSoftware, Inc."
2014,Eugen Systems
2014,Freejam
2014,Handyman Studios
2015,Hello Games
2015,Eleon Game Studios
2015,"Comcept,Inti Creates"
2015,Lab Zero Games
2014,Ubisoft  Shanghaï
2015,Coffee Stain Studios
2015,Hello Games
2015,PIXOWL INC.
2014,Jagex Limited
2015,Valve
2015,"Firaxis Games,Aspyr (Mac, Linux)"
2015,Facepunch Studios
2015,Axolot Games
2014,"Ubisoft Montreal, Massive Entertainment, and Ubisoft Shanghai"
2015,Hyper Hippo Games
2015,Entrada Interactive LLC
2014,"Expansive Worlds,Avalanche Studios"
2015,Facepunch Studios
2015,Bohemia Interactive
2015,G2CREW
2015,Bohemia Interactive
2014,Facepunch Studios
2015,"Noah System,Mgame"
2014,Wizarbox
2015,Harebrained Schemes
2015,Flying Helmet Games
2015,Silver Wish Games
2015,Hello Games
2015,Valve
2015,"FromSoftware, Inc."
2015,Freejam
2014,Ubisoft
2015,Ubisoft Montreal
2015,Valve
2014,Nexon
2015,Valve
2015,Treyarch
2015,Wild Games Studio
2015,Rocksteady Studios
2015,"Elias Viglione,Jussi Kukkonen"
2015,candyrocketstudio
2015,Avalanche Studios
2015,Smartly Dressed Games
2015,Valve
2014,Crytek
2014,"Masangsoft, Inc."
2015,Odin Game Studio
2015,Rockstar North
2015,Facepunch Studios
2015,Eidos Studio Hungary
2014,"Atari, Cubed Productions LLC"
2014,Valve
2015,Freejam
2015,Tripwire Interactive
2015,Hello Games
2015,New World Interactive
2015,Sven Co-op Team
2015,Raptor Claw Games
2014,Square Enix
2013,Valve
2015,"Expansive Worlds,Avalanche Studios"
2014,GameORE
2014,Archive Entertainment
2014,Team Psykskallar
2015,David OReilly
2014,TML Studios
2015,Funcom
2015,Valve
2015,Rail Slave Games
2015,CodeBrush Games
2014,Reality Pump Studios
2015,Facepunch Studios
2014,Jagex Limited
2015,Microblast Games
2014,Bugbear
2015,Reto-Moto
2015,Bohemia Interactive
2015,Hello Games
2014,No More Room in Hell Team
2014,Square Enix
2014,Bossa Studios
2015,Dragonfly
2013,Hardsuit Labs
2015,Bohemia Interactive
2014,"Eric Hartman,Ben Garney,Anthony Rotondo"
2015,Treyarch
2015,Rebellion
2015,Capcom Vancouver
2015,Handyman Studios
2015,Code}{atch
2015,Mouldy Toof Studios
2014,Edge of Reality
2015,Hello Games
2014,Egosoft
2014,Crystal Dynamics
2014,Droqen
2013,Bossa Studios
2015,"2K Australia,Gearbox Software,Aspyr (Mac and Linux)"
2014,Sector3 Studios
2015,Turtle Rock Studios
2014,"Irrational Games,Aspyr (Mac),Virtual Programming (Linux)"
2015,OVERDRIVE
2015,"Studio Wildcard,Instinct Games,Efecto Studios,Virtual Basement LLC"
2015,Valve
2013,Red Duck Inc.
2015,Reto-Moto
2015,Valve
2015,Bethesda Game Studios
2015,Bohemia Interactive
2015,Valve
2015,Ubisoft
2015,JetCat Games
2015,"Virtual Basement LLC,Code Headquarters LLC"
2015,Axolot Games
2015,Jagex Limited
2015,Reto-Moto
2015,"Studio Wildcard,Instinct Games,Efecto Studios,Virtual Basement LLC"
2014,"Trek Industries, Inc"
2015,Bohemia Interactive
2015,Tripwire Interactive
2014,Valve
2015,Facepunch Studios
2014,Messhof
2014,Deep Silver Volition
2015,Hello Games
2015,Limbic Entertainment
2015,Facepunch Studios
2015,Wild Shadow Studios
2014,Cryptic Studios
2014,FireFly Studios
2015,Bohemia Interactive
2015,Brightrock Games
2015,ClickGames
2015,Treyarch
2014,Infinity Ward
2014,Cyanide Montreal
2014,Freejam
2015,Treyarch
2015,Reloaded Productions
2015,Valve
2015,Vertigo Gaming Inc.
2014,CodeBrush Games
2014,"Expansive Worlds,Avalanche Studios"
2013,Strategy First
2013,Ascaron Entertainment ltd.
2015,Valve
2011,Ubisoft Montpellier
2014,Tripwire Interactive
2015,Hello Games
2015,Hello Games
2015,Splash Damage
2015,TimeSymmetry
2014,Cherry Pop Games
2014,"Expansive Worlds,Avalanche Studios"
2014,No More Room in Hell Team
2015,DICE
2014,SEGA
2015,Splash Damage
2014,New World Interactive
2015,Nexon
2015,Jagex Limited
2015,Tripwire Interactive
2014,Electronic Arts
2015,"Milan Kazarka,Jeroen van Oosten"
2013,Centauri Production
2015,PiGravity
2015,Colonthree Enterprises
2013,Capcom
2015,Obsidian Entertainment
2014,HyperSloth
2014,David Szymanski
2014,Edge of Reality
2015,Crytek
2015,Ubisoft Montréal
2014,Valve
2015,Re-Logic
2015,"Dan  Walters,Ceri Williams"
2015,Facepunch Studios
2015,Square Enix
2014,Zachtronics
2015,Netcore Games
2015,Doctor Entertainment AB
2015,"Psyonix, Inc."
2014,Dovetail Games
2014,Bohemia Interactive
2015,Hello Games
2015,Hello Games
2015,"Creative Assembly,Feral Interactive (Linux),Feral Interactive (Mac)"
2015,Double Fine Productions
2015,Team17 Digital Ltd
2015,Valve
2014,Red Barrels
2015,Bohemia Interactive
2015,Valve
2015,Cybertime System
2013,Teotl Studios
2013,Andrii Vintsevych
2015,Sandswept Studios
2015,Volition
2014,United Independent Entertainment GmbH
2015,Wild Shadow Studios
2013,Mossmouth
2014,NEXON Korea Corp.
2015,"Bluehole, Inc."
2014,Infinity Ward
2015,Bohemia Interactive
2015,Hello Games
2015,Treyarch
2015,CoaguCo Industries
2015,SuperVillain Studios
2015,Torn Banner Studios
2015,Splash Damage
2015,Valve
2015,Hi-Rez Studios
2015,Obsidian Entertainment
2014,Infinity Ward
2015,Treyarch
2015,Valve
2015,Facepunch Studios
2013,Avalanche Studios
2015,"Studio Wildcard,Instinct Games,Efecto Studios,Virtual Basement LLC"
2015,"Studio Wildcard,Instinct Games,Efecto Studios,Virtual Basement LLC"
2015,Ubisoft Montreal
2015,Baller Industries
2015,"Vlambeer,Croteam"
2014,Over The Moon
2015,FireFly Studios
2015,Ubisoft Montreal
2015,Lino Slahuschek
2015,WARTEAM
2015,3000AD
2014,"BioWare,Aspyr (Mac)"
2015,Freakinware Studios
2015,Chasing Carrots
2014,Sunlight Games
2015,Red Hook Studios
2015,Opus
2015,Square Enix
2014,Bohemia Interactive
2015,Number None
2014,"Gearbox Software,Aspyr (Mac &amp; Linux)"
2014,Rockstar Games
2015,JDM4iK
2015,Valve
2015,SCS Software
2015,Obsidian Entertainment
2015,"Firaxis Games,Aspyr (Mac, Linux)"
2014,Smartly Dressed Games
2015,Valve
2015,Facepunch Studios
2015,Facepunch Studios
2015,"Klei Entertainment,Capybara Games"
2015,Hello Games
2015,Splash Damage
2015,Valve
2015,Trion Worlds
2014,Hardsuit Labs
2015,Gearbox Software
2015,CI Games
2015,Facepunch Studios
2015,Smartly Dressed Games
2015,Exe Games Inc.
2014,Creative Assembly
2015,Tripwire Interactive
2014,Crytek
2015,MachineGames
2015,Orange_Juice
2015,Trion Worlds
2015,Ubisoft Montreal
2014,Phosphor Games Studio
2015,Sometimes You
2015,Eden Industries
2013,Infinity Ward
2014,Valve
2014,Smartly Dressed Games
2014,Ubisoft Toronto
2014,Hardsuit Labs
2014,Cryptic Studios
2015,Treyarch
2015,Turtle Rock Studios
2014,Lunar Giant
2013,"FIX Korea, Co.LTD,FIX Games, Co. LTD"
2014,Bohemia Interactive
2015,Ubisoft
2015,Telltale Games
2014,Reto-Moto
2015,Valve
2015,FromSoftware
2015,Nabi Studios
2015,"Relic Entertainment,Feral Interactive (Mac),Feral Interactive (Linux)"
2015,Elecorn
2015,Electronic Arts
2015,ProjectorGames
2015,Bohemia Interactive
2014,Masthead Studios Ltd
2014,CodeBrush Games
2015,nFusion Interactive
2015,Crytek
2015,Bethesda Game Studios
2015,Bohemia Interactive
2015,Smashball Labs LLC
2015,Smartly Dressed Games
2015,Trion Worlds
2015,Valve
2015,Valve
2015,Hello Games
2014,Hardsuit Labs
2014,Smartly Dressed Games
2014,CD PROJEKT RED
2015,Treyarch
2015,Abraham Carreola
2015,Chucklefish
2015,DEADFACTORY
2014,Infinity Ward
2014,Facepunch Studios
2015,Valve
2015,Avalanche Studios
2015,Obsidian Entertainment
2015,Trion Worlds
2014,Ubisoft
2015,tobyfox
2015,Nexon
2015,XLGAMES
2015,Ion Storm
2015,Machine Games
2015,Maxis™
2015,Bankroll Studios
2015,Geniaware Srl
2014,Capcom
2015,Rockstar North
2014,Oovee® Game Studios
2015,Ubisoft
2014,Valve
2015,Reperio Studios
2014,The Behemoth
2015,Bohemia Interactive
2015,OVERKILL Software
2015,JForce Games
2015,"United Front Games,Feral Interactive (Mac)"
2015,Portalarium
2013,NIGORO
2014,Stridemann
2014,"FromSoftware, Inc"
2015,Valve
2015,Traveller's Tales
2015,Hello Games
2015,Creative Assembly
2014,Microblast Games
2015,Hardsuit Labs
2014,Crytek
2015,Vostok Games
2014,Actalogic
2015,Massive Entertainment
2015,IO Interactive
2014,Wild Games Studio
2015,Ubisoft
2015,marbenx
2015,Valve
2015,"Trion Worlds, Inc."
2015,Torn Banner Studios
2014,David OReilly
2014,Facepunch Studios
2015,Sector3 Studios
2014,Spiders
2015,Nexon
2015,Rhaon Entertainment
2015,Hello Games
2015,Valve
2015,StudioGIW
2015,Hello Games
2013,Bohemia Interactive
2014,Infinity Ward
2015,"Tequila Works, S.L."
2015,Rocksteady Studios
2015,Facepunch Studios
2015,Osumia Games
2015,Turtle Rock Studios
2015,Infinity Ward
2015,"NetherRealm Studios,High Voltage Software"
2015,Red Hook Studios
2014,"FIX Korea, Co.LTD,FIX Games, Co. LTD"
2015,Hello Games
2015,"343 Industries,Vanguard Games"
2014,"Trek Industries, Inc"
2015,Noio
2015,"FIX Korea, Co.LTD,FIX Games, Co. LTD"
2015,"Studio Wildcard,Instinct Games,Efecto Studios,Virtual Basement LLC"
2014,KintoGames
2015,Hello Games
2015,Haemimont Games
2015,Valve
2015,Hello Games
2015,JDM4iK
2014,Sector3 Studios
2015,DoubleDutch Games
2015,"Expansive Worlds,Avalanche Studios"
2013,Phosphor Games Studio
2014,Arrowhead Game Studios
2014,Valve
2015,Exe Games Inc.
2014,Masthead Studios Ltd
2015,Hello Games
2014,JForce Games
2014,Wild Shadow Studios
2015,Smartly Dressed Games
2015,Tripwire Interactive
2015,"Eric Hartman,Ben Garney,Anthony Rotondo"
2014,Invent4 Entertainment
2015,Kinelco &amp; Lone Elk Creative
2015,Edge of Reality
2015,Fatshark
2015,Trion Worlds
2014,Hi-Rez Studios
2014,"Irrational Games,Aspyr (Mac),Virtual Programming (Linux)"
2014,Ed Key and David Kanaga
2014,FromSoftware
2015,"Gearbox Software,Aspyr (Mac &amp; Linux)"
2014,"FIX Korea, Co.LTD,FIX Games, Co. LTD"
2015,Crowbar Collective
2015,Smartly Dressed Games
2015,Splash Damage
2015,Antonio Renna
2014,Bohemia Interactive
2014,Mad Otter Games
2015,Hi-Rez Studios
2015,"NetherRealm Studios,High Voltage Software"
2015,Funcom
2015,Treyarch
2015,Moment Studio
2014,Valve
2015,Facepunch Studios
2015,Hardsuit Labs
2015,"2K Marin,2K China,Digital Extremes,2K Australia,Feral Interactive (Mac)"
2015,The Behemoth
2015,Beam Team Games
2015,Coffee Stain Studios
2015,Bugbear
2015,Valve
2015,Valve
2014,Valve
2015,Valve
2014,Curve Studios
2014,"Infinity Ward,Aspyr (Mac)"
2014,Gaijin Entertainment
2015,Code}{atch
2015,Scott Cawthon
2015,Red Duck Inc.
2015,Code}{atch
2015,storm_sharks
2014,Keen Games
2015,Sunlight Games
2015,Mouldy Toof Studios
2015,Dovetail Games
2014,Dovetail Games
2014,United Independent Entertainment GmbH
2015,Bohemia Interactive
2015,"Fabio Ferrara,Davide Caio,Nicolò Azzolini,Antonio Carcagnì,Luigi Di Guida,Tommaso Vita"
2011,Valve
2015,Infinity Ward
2015,"BitMonster, Inc."
2015,"Studio Wildcard,Instinct Games,Efecto Studios,Virtual Basement LLC"
2015,Ascaron
2015,"FromSoftware, Inc"
2015,Freejam
2015,Hello Games
2015,Trion Worlds
2015,Valve
2015,Robotronic Games
2014,United Front Games
2014,Smartly Dressed Games
2014,"Trek Industries, Inc"
2014,Tate Multimedia
2013,Phosphor Games Studio
2015,Hello Games
2015,"M2H,Blackmill Games"
2015,WeMade
2014,Digital Leisure Inc.
2015,Eko Software
2015,Doctor Entertainment AB
2015,Turtle Rock Studios
2014,Facepunch Studios
2012,Volition
2015,Ubisoft Montreal
2015,tobyfox
2015,"Sledgehammer Games,Raven Software"
2015,Best Way
2015,Torn Banner Studios
2014,Actalogic
2015,SCS Software
2014,Cosmic Cow LLC
2014,Cryptic Studios
2015,Tripwire Interactive
2014,Eugen Systems
2014,Coffee Stain Studios
2013,Unknown Worlds Entertainment
2014,Frogwares
2015,Capcom Vancouver
2015,Freejam
2014,"Eidos-Montréal,Feral Interactive (Mac)"
2014,FromSoftware
2014,Uber Entertainment
2014,"Firaxis Games,Aspyr (Mac, Linux)"
2015,Rocksteady Studios
2015,Visual Concepts
2015,Nabi Studios
2015,Hello Games
2015,"Irrational Games,Aspyr (Mac),Virtual Programming (Linux)"
2014,"2K Australia,Gearbox Software,Aspyr (Mac and Linux)"
2014,Net Games Laboratory
2015,Coffee Stain Studios
2014,800 North and Digital Ranch
2015,Beamdog
2015,Playsaurus
2015,Andrii Vintsevych
2013,No More Room in Hell Team
2014,FromSoftware
2014,Reto-Moto
2015,Bohemia Interactive
2014,Freejam
2015,ICE Entertainment
2013,Muse Games
2015,Facepunch Studios
2015,Hello Games
2015,Smartly Dressed Games
2014,Bohemia Interactive
2015,"Firaxis Games,Aspyr (Mac, Linux)"
2014,Rebellion
2015,"NetherRealm Studios,High Voltage Software"
2015,Rocksteady Studios
2015,Splash Damage
2015,Paradox Development Studio
2015,CCCP
2015,Bohemia Interactive
2015,Invent4 Entertainment
2014,Radical Entertainment
2015,Robot Entertainment
2015,GameUS Inc.
2015,Transhuman Design
2015,Visual Concepts
2015,Valve
2015,Axolot Games
2015,Telltale Games
2014,The Chinese Room
2015,"Expansive Worlds,Avalanche Studios"
2015,Bohemia Interactive
2015,Valve
2014,Bohemia Interactive
2015,Awesome Games Studio
2015,Treyarch
2015,"Studio Wildcard,Instinct Games,Efecto Studios,Virtual Basement LLC"
2015,Lukewarm Media
2015,"FromSoftware, Inc."
2015,Harebrained Schemes
2015,Grey Havens
2015,Bohemia Interactive
2014,Facepunch Studios
2015,KITATUS STUDIOS
2015,The Chinese Room
2014,Coffee Stain Studios
2014,Vitali Kirpu
2015,Ensemble Studios
2015,Daybreak Game Company
2015,Bohemia Interactive
2015,Hello Games
2015,Blacklight Interactive
2015,"Roll7,General Arcade"
2015,"NetherRealm Studios,High Voltage Software"
2015,"LucasArts,Aspyr Studios"
2015,Bethesda Game Studios
2015,Daybreak Game Company
2015,"Ubisoft Paris,Red Storm Entertainment"
2014,Cosmic Cow LLC
2015,Hello Games
2015,Avalanche Studios
2014,FromSoftware
2014,"FIX Korea, Co.LTD,FIX Games, Co. LTD"
2015,Puny Human
2015,"IO Interactive A/S,Feral Interactive (Linux),Feral Interactive (Mac)"
2015,Exe Games Inc.
2015,Reto-Moto
2015,Valve
2015,Daybreak Game Company
2015,Arkane Studios
2015,Game Mechanics
2015,Playsaurus
2015,Treyarch
2013,Chucklefish
2014,Smartly Dressed Games
2015,Treyarch
2014,Reality Pump
2014,1C: Maddox Games
2015,"Signal Studios,Smart Ghost"
2015,Hello Games
2015,Facepunch Studios
2014,Undead Labs
2014,Scott Cawthon
2015,No Brakes Games
2014,Torn Banner Studios
2015,Invent4 Entertainment
2014,Panzer Gaming Studios
2014,Electronic Arts
2015,Valve
2014,Codemasters Action Studio
2013,CodeBrush Games
2015,Imaekgames [Imaek Limited]
2015,Techland
2014,Bohemia Interactive
2015,Rockstar North
2014,Sherman3D
2015,Hello Games
2015,1C-Avalon
2014,Bohemia Interactive
2015,Two Tribes
2015,Hoobalugalar_X
2015,Ubisoft Montreal
2015,"Jagex,Artplant"
2015,Eugen Systems
2015,Blue Byte
2015,Trinoteam
2015,"Expansive Worlds,Avalanche Studios"
2015,Bohemia Interactive
2014,Wild Shadow Studios
2015,Code}{atch
2015,Infinity Ward
2015,Hello Games
2015,Valve
2015,Rubycone
2015,Flying Wild Hog
2014,Failbetter Games
2014,Bohemia Interactive
2014,Freejam
2015,Everything Unlimited Ltd.
2015,Hello Games
2014,Smartly Dressed Games
2015,EightyEightGames
2014,Black Lion Studios
2015,Code}{atch
2015,"Firaxis,Feral Interactive (Mac and Linux)"
2015,Techland
2014,Bohemia Interactive
2015,Bohemia Interactive
2015,Jimbob Games
2015,Valve
2015,Hello Games
2015,Chucklefish
2014,"Trek Industries, Inc"
2014,Rebellion
2014,The Sims Studio
2015,"Studio Wildcard,Instinct Games,Efecto Studios,Virtual Basement LLC"
2014,Crazy Moo Games
2014,Bohemia Interactive
2015,"FIX Korea, Co.LTD,FIX Games, Co. LTD"
2015,Paradox Development Studio
2014,Obsidian Entertainment
2015,"Relic Entertainment,Feral Interactive (Mac),Feral Interactive (Linux)"
2014,Invent4 Entertainment
2015,Bugbear
2015,Nexon
2014,Somi
2015,Splash Damage
2015,Bethesda Game Studios
2015,Facepunch Studios
2015,Daybreak Game Company
2015,Starbreeze
2015,"Deep Silver Volition,High Voltage Software"
2015,Beam Team Games
2013,Forever Entertainment S. A.
2014,Telltale Games
2012,Valve
2013,"FIX Korea, Co.LTD,FIX Games, Co. LTD"
2015,"Deep Silver Volition,High Voltage Software"
2015,"Infinity Ward,Aspyr (Mac)"
2015,Facepunch Studios
2013,Edmund McMillen and Florian Himsl
2014,Valve
2015,Treyarch
2015,Facepunch Studios
2015,CyberConnect2 Co. Ltd.
2015,"Sledgehammer Games,Raven Software"
2015,OVERKILL - a Starbreeze Studio.
2015,Might and Delight
2015,Rebellion
2015,Rockstar North
2015,Tom De Roeck
2015,"FIX Korea, Co.LTD,FIX Games, Co. LTD"
2014,Torn Banner Studios
2015,Valve
2015,Sluggerfly
2015,"TT Games Ltd,Feral Interactive (Mac)"
2015,Valve
2014,Demiurge Studios
2014,Valve
2015,Machine Games
2015,Hello Games
2015,"Codemasters,Feral Interactive (Linux)"
2014,United Independent Entertainment GmbH
2015,Smartly Dressed Games
2015,Pandemic Studios
2015,Paradox Development Studio
2015,"Circle Five Studios,Pub Games"
2015,WARTEAM
2013,Valve
2015,Rockstar North
2014,Fishlabs Entertainment GmbH
2014,"WB Games Montreal,Splash Damage"
2014,Coffee Stain Studios
2015,Masthead Studios Ltd
2014,"Irrational Games,Aspyr (Mac),Virtual Programming (Linux)"
2014,Bohemia Interactive
2015,Hello Games
2015,Avalanche Studios
2015,Aspyr Studios
2014,Invent4 Entertainment
2014,"Irrational Games,Aspyr (Mac),Virtual Programming (Linux)"
2015,Rocksteady Studios
2014,"2K Marin,2K China,Digital Extremes,2K Australia,Feral Interactive (Mac)"
2014,Facepunch Studios
2014,"Eidos-Montréal,Feral Interactive (Mac)"
2015,Evgenii Gubanov
2015,Splash Damage
2015,Hyper Hippo Games
2015,Creability
2015,"Creative Assembly, PC Port - Hardlight"
2014,Ubisoft
2014,8-Bit Studio
2014,Infinity Ward
2015,Valve
2015,Rockstar Games
2015,Valve
2015,Bohemia Interactive
2015,Reloaded Productions
2014,Team Psykskallar
2015,"2K Boston,2K Australia"
2015,Bossa Studios
2014,"Trion Worlds, Inc."
2013,Re-Logic
2015,"FIX Korea, Co.LTD,FIX Games, Co. LTD"
2014,b-Alive
2014,Hardsuit Labs
2015,"Ubisoft Quebec, in collaboration with Ubisoft Annecy, Bucharest, Kiev, Montreal, Montpellier, Shanghai, Singapore, Sofia, Toronto studios"
2015,Doctor Entertainment AB
2015,Ascension Entertainment LLC
2015,MEGAFUZZ
2015,Game Mechanics
2015,Sixteen Tons Entertainment
2014,Criterion Games
2015,Hello Games
2012,NeoCoreGames
2015,Tripwire Interactive
2015,Telltale Games
2015,Campo Santo
2015,Treyarch
2014,Coffee Stain Studios
2014,Valve
2015,Blue Byte
2015,Valve
2014,"Schine, GmbH"
2015,Frozenbyte
2014,Gaijin Games
2015,Fistful of Frags Team
2014,State of Play Games
2015,Bossa Studios
2015,Grey Havens
2015,WARTEAM
2015,Valve
2014,Crytek
2014,Sweet Dog Studios
2014,Nadeo
2014,Facepunch Studios
2015,"FromSoftware, Inc."
2014,"Expansive Worlds,Avalanche Studios"
2015,Hello Games
2015,"GameConnect,InterWave Studios"
2015,"Psyonix, Inc."
2015,Anothink
2015,"Autobotika,Game Nation Inc"
2015,"DONTNOD Entertainment,Feral Interactive (Mac),Feral Interactive (Linux)"
2015,"Studio Wildcard,Instinct Games,Efecto Studios,Virtual Basement LLC"
2015,"Studio Wildcard,Instinct Games,Efecto Studios,Virtual Basement LLC"
2015,"Gearbox Software,Aspyr (Mac)"
2015,HandMade Game
2015,Facepunch Studios
2015,Reto-Moto
2015,Ubisoft Montreal
2015,Valve
2015,Machine Games
2015,Playsaurus
2015,Free Lives
2015,Valve
2015,Torn Banner Studios
2015,The Behemoth
2015,"Elias Viglione,Jussi Kukkonen"
2014,Phosphor Games Studio
2013,Avalanche Studios
2015,Spark Plug Games
2015,Valve
2015,Smartly Dressed Games
2015,Io-Interactive A/S
2015,Artifex Mundi
2015,Zenimax Online Studios
2015,Kyle Seeley
2015,Kiddy
2015,Trion Worlds
2015,Bohemia Interactive
2015,"Psyonix, Inc."
2015,Hello Games
2014,"Nova Dimension,Naga Entertainment"
2015,Oovee® Game Studios
2015,Bethesda Game Studios
2015,Eforb
2015,Avalanche Software
2015,Telltale Games
2013,"Ubisoft Montreal, Massive Entertainment, and Ubisoft Shanghai"
2015,Turtle Rock Studios
2014,Freejam
2015,Bohemia Interactive
2015,X-Legend
2015,Vae Victis Games
2015,Facepunch Studios
2014,Poppermost Productions
2014,Shiro Games
2015,Team 6 Studios
2015,Haemimont Games
2015,"Creative Assembly,Feral Interactive (Mac),Feral Interactive (Linux)"
2015,Ubisoft
2015,"Mario von Rickenbach,Michael Frei"
2015,FreakZone Games
2015,"FromSoftware, Inc."
2015,"NetherRealm Studios,High Voltage Software"
2015,"M2H,Blackmill Games"
2015,Hyper Hippo Games
2015,"Firaxis Games,Aspyr (Mac, Linux)"
2015,Valve
2015,Bohemia Interactive
2015,City Interactive
2014,FromSoftware
2014,Genee Network
2015,Valve
2013,Eyedentity Games Inc.
2015,Rocksteady Studios
2015,Freejam
2015,Daybreak Game Company
2015,Elecorn
2014,Handyman Studios
2015,"Sledgehammer Games,Raven Software"
2015,Facepunch Studios
2015,Ubisoft Montreal
2015,Bohemia Interactive
2015,Nexon
2015,"Syrin Studios,Small Impact Games"
2015,"Double Helix Games,Capcom"
2015,Bohemia Interactive
2014,Meridian4
2014,"Creative Assembly, PC Port - Hardlight"
2014,Ubisoft
2014,DICE
2015,Room710Games
2015,Childish Things
2013,Team17 Digital Ltd
2013,"Monochrome, Inc"
2015,"IMCGAMES Co.,Ltd."
2015,Freejam
2015,Turtle Rock Studios
2015,"Elias Viglione,Jussi Kukkonen"
2015,Double Fine Productions
2015,Star Maid Games
2014,Valve
2015,Valve
2015,Tomasz Wacławek
2014,Valve
2015,Trendy Entertainment
2015,Trashmasters
2015,Shumkov Dmitriy
2015,Obsidian Entertainment
2015,Egosoft
2013,Kalypso Media Digital
2015,BurstRay Games
2015,"Fortress Forever Development Team,Trepid Studios"
2015,"Jetdogs Studios,Zoom Out Games"
2015,Ubisoft
2015,Hello Games
2014,Edge of Reality
2015,Massive Entertainment
2015,Valve
2015,Coffee Stain Studios
2014,"Trek Industries, Inc"
2013,"Crystal Dynamics,Feral Interactive (Mac),Feral Interactive (Linux)"
2015,Facepunch Studios
2014,Daedalic Entertainment
2014,Frogdice
2014,Gl33k
2015,tobyfox
2015,Turtle Rock Studios
2014,Orion Games
2015,Wild Shadow Studios
2015,Valve
2015,Bohemia Interactive
2015,Entrada Interactive LLC
2015,Valve
2015,Digital Extremes
2015,Twice Circled
2015,Paradox Development Studio
2015,tobyfox
2014,Arrowhead Game Studios
2014,Double Fine Productions
2014,Coffee Stain Studios
2015,"Studio Wildcard,Instinct Games,Efecto Studios,Virtual Basement LLC"
2015,Bohemia Interactive
2014,Cryptic Studios
2015,Telltale Games
2015,Holotech Studios
2014,Meridian4
2015,Halfbus
2015,Racing Bros
2015,Valve
2014,Rockstar Games
2014,Creative Assembly
2013,Valve
2015,Telltale Games
2015,Square Enix
2015,Valve
2014,Smartly Dressed Games
2013,Valve
2015,Treyarch
2014,Capcom Game Studio Vancouver
2013,Bohemia Interactive
2015,"Jagex,Artplant"
2015,"Studio Wildcard,Instinct Games,Efecto Studios,Virtual Basement LLC"
2014,Wild Shadow Studios
2014,Valve
2015,Valve
2015,Reto-Moto
2015,"Rocketeer Games Studio, LLC"
2014,Nexon
2015,"Atari, Cubed Productions LLC"
2015,"FIX Korea, Co.LTD,FIX Games, Co. LTD"
2015,Digital Extremes
2015,"Trek Industries, Inc"
2015,"IMCGAMES Co.,Ltd."
2015,"Sledgehammer Games,Raven Software"
2014,DICE
2015,Telltale Games
2015,Visual Concepts
2015,Awesome Games Studio
2015,Full Control
2015,Ubisoft Montreal
2014,"The Quinnspiracy,Patrick Lindsey,Isaac Schankler"
2015,Smartly Dressed Games
2015,"Monolith Productions,Feral Interactive (Mac),Feral Interactive (Linux)"
2015,Robotronic Games
2014,"Trion Worlds, Inc."
2015,Bitbox Ltd.
2015,"NetherRealm Studios,High Voltage Software"
2015,Valve
2014,Bohemia Interactive
2015,Volition
2015,Reloaded Productions
2015,Trion Worlds
2015,Hello Games
2015,Poppermost Productions
2014,Bohemia Interactive
2014,Smartly Dressed Games
2013,Creative Assembly
2015,Valve
2014,"Zaxis Games,B-evil"
2015,Edge of Reality
2013,"Infinity Ward,Aspyr (Mac)"
2015,"Deep Silver Volition,High Voltage Software"
2015,"HANBITSOFT, INC.,IMC GAMES CO.,LTD."
2015,Daedalic Entertainment
2015,Ubisoft Montreal
2015,Digitalmindsoft
2015,Fullbright
2014,Deep Silver Volition
2015,Telltale Games
2015,Endless Loop Studios
2014,Ragequit Corporation
2015,Hello Games
2014,Bitbox Ltd.
2014,"Infinity Ward,Aspyr (Mac)"
2015,Diminished Studios
2015,Boneloaf
2015,id Software
2014,Edge of Reality
2015,Rocksteady Studios
2015,Reto-Moto
2013,Facepunch Studios
2014,Rebellion
2015,"Elias Viglione,Jussi Kukkonen"
2015,"BitMonster, Inc."
2014,"CINEMAX, s.r.o."
2013,Cryptic Studios
2013,"Monolith Productions, Inc."
2014,No More Room in Hell Team
2014,Synergy Team
2015,Massive Entertainment
2014,Treyarch
2015,Free Reign Entertainment
2015,Hello Games
2015,Rocksteady Studios
2014,FireFly Studios
2015,"Sledgehammer Games,Raven Software"
2015,Undead Labs
2014,"CI Games,Deck 13"
2015,BANDAI NAMCO Studio Inc.
2014,Egosoft
2014,Rockstar Studios
2014,Kerberos Productions
2014,"The Creative Assembly,Feral Interactive (Mac)"
2014,Endnight Games Ltd
2014,Forever Entertainment S. A.
2015,Valve
2015,Treyarch
2015,DL Softworks
2014,Ubisoft Montreal
2015,[geim].pro
2015,"Studio Wildcard,Instinct Games,Efecto Studios,Virtual Basement LLC"
2014,Meridian4
2013,No More Room in Hell Team
2014,Stage 2 Studios
2015,Awesome Games Studio
2015,Reto-Moto
2015,Fabio Ferrara
2014,Edge of Reality
2014,Reloaded Productions
2014,Hi-Rez Studios
2015,Facepunch Studios
2014,Reto-Moto
2014,Facepunch Studios
2015,Torn Banner Studios
2015,Elijah Newman-Gomez
2015,Nexon
2014,Freejam
2015,Edge of Reality
2015,"Ubisoft Montreal, Massive Entertainment, and Ubisoft Shanghai"
2015,Treyarch
2015,"Atari, Cubed Productions LLC"
2013,Valve
2015,WARTEAM
2015,Elijah Newman-Gomez
2015,Smartly Dressed Games
2015,Crows Crows Crows
2015,Splash Damage
2014,Ubisoft
2013,Daybreak Game Company
2014,Bitbox Ltd.
2015,Digitalmindsoft
2015,No More Room in Hell Team
2015,The Behemoth
2015,Artifice Studio
2014,Hitcents
2015,"Double Helix Games,Rainbow Studios,THQ Nordic"
2014,Infinity Ward
2015,Treyarch
2015,Phosphor Games Studio
2015,Fatshark
2014,Smudged Cat Games Ltd
2015,Centauri Production
2015,MURA Interactive
2015,Kyle Seeley
2015,Team Psykskallar
2015,Ubisoft Montreal
2015,Hello Games
2015,Freejam
2015,"Idea Factory,Compile Heart,Felistella"
2014,"FIX Korea, Co.LTD,FIX Games, Co. LTD"
2014,Crytek
2015,Wild Shadow Studios
2015,Rocksteady Studios
2014,Geoff Keighley
2014,Tripwire Interactive
2015,Bohemia Interactive
2014,Ubisoft
2014,Torn Banner Studios
2014,Paradox Development Studio
2015,LuGus Studios
2015,Creability
2015,"Sledgehammer Games,Raven Software"
2014,Facepunch Studios
2014,Nexon
2015,Boneloaf
2015,Exe Games Inc.
2015,Team17 Digital Ltd
2014,Valve
2013,Bethesda Game Studios
2015,Ion Storm
2015,Rune Forge
2015,"Virtual Basement LLC,Code Headquarters LLC"
2014,Edge of Reality
2014,Doctor Entertainment AB
2015,Valve
2015,Poppermost Productions
2014,Red Barrels
2015,Valve
2015,"2K Australia,Gearbox Software,Aspyr (Mac and Linux)"
2015,Doctor Entertainment AB
2015,Re-Logic
2015,Capcom
2015,"Abstraction Games,WayForward"
2015,FromSoftware
2014,Lab Zero Games
2015,Trion Worlds
2015,Valve
2015,Torn Banner Studios
2013,Demiurge Studios
2015,Jagex Limited
2015,Slant Six Games
2015,Colossal Order Ltd.
2015,Visual Concepts
2014,Crytek
2014,Edge of Reality
2015,Digital Furnace Games
2015,Invent4 Entertainment
2015,Criterion Games
2015,Sven Co-op Team
2014,OVERKILL Software
2015,Dark Day Interactive
2015,Facepunch Studios
2014,Egosoft
2014,Bohemia Interactive
2015,Rail Slave Games
2015,Eko Software
2014,Infinity Ward
2015,"Monochrome, Inc"
2014,Undead Labs
2015,"Visual Concepts,Yuke's"
2015,Hello Games
2015,"Monolith Productions,Feral Interactive (Mac),Feral Interactive (Linux)"
2015,"Upper One Games,E-Line Media"
2015,Bitbox Ltd.
2015,Avalanche Studios
2015,Valve
2014,Freejam
2015,Telltale Games
2015,Gearbox Software
2015,Reto-Moto
2015,Trion Worlds
2015,Valve
2015,KintoGames
2015,Code}{atch
2014,"JumpStart Games, Inc."
2015,Freejam
2015,X-Legend
2015,"NetherRealm Studios,High Voltage Software"
2014,Vlambeer
2014,Freejam
2015,Valve
2013,Valve
2015,Piranha Bytes
2015,"Io-Interactive A/S,Feral Interactive (Mac)"
2015,"Jagex,Artplant"
2015,"Expansive Worlds,Avalanche Studios"
2014,Introversion Software
2015,Chucklefish
2014,Facepunch Studios
2015,Valve
2014,Coffee Stain Studios
2015,Lord Kres
2014,Bohemia Interactive
2013,Coffee Stain Studios
2015,KIXEYE
2014,Sos
2015,Fabio Ferrara
2015,"Studio Wildcard,Instinct Games,Efecto Studios,Virtual Basement LLC"
2015,Onson Soft
2015,"2K Australia,Gearbox Software,Aspyr (Mac and Linux)"
2014,Nexon
2015,Bohemia Interactive
2015,Freejam
2014,CCP
2014,Cyanide Studios
2014,Chucklefish
2014,Entheogen Studios LLC
2015,"Firaxis Games,Aspyr (Mac, Linux)"
2015,Hello Games
2015,Treyarch
2015,Massive Entertainment
2014,Ubisoft Montreal
2015,Greenheart Games
2015,Ubisoft
2014,Daybreak Game Company
2015,Gearbox Software
2014,"JumpStart Games, Inc."
2014,Facepunch Studios
2014,Bohemia Interactive
2011,Broken Rules
2015,Sigma Team Inc.
2015,Telltale Games
2014,Lesta Studio
2014,Creative Assembly
2015,Ubisoft Montreal
2015,Bethesda Game Studios
2015,Undead Labs
2015,Bohemia Interactive
2013,Nexon
2015,Ubisoft
2015,Funcom
2015,Bohemia Interactive
2015,Kyle Seeley
2014,Gearbox Software
2014,Elijah Newman-Gomez
2014,Edge of Reality
2014,FireFly Studios
2015,Facepunch Studios
2014,Valve
2015,Free Reign Entertainment
2015,Rocksteady Studios
2015,Rocksteady Studios
2015,Hello Games
2015,Uber Entertainment
2015,Ubisoft Montreal
2015,PlazSoft
2015,Invent4 Entertainment
2015,SionoiS
2015,Valve
2015,Those Awesome Guys
2015,"Trek Industries, Inc"
2015,TB Games
2015,Valve
2015,Bohemia Interactive
2014,Coffee Stain Studios
2014,"Redlynx Ltd,Ubisoft  Shanghaï"
2015,Square Enix
2015,"NetherRealm Studios,High Voltage Software"
2014,"Gravity, Inc."
2015,Smartly Dressed Games
2015,Hello Games
2015,"Studio Wildcard,Instinct Games,Efecto Studios,Virtual Basement LLC"
2015,Capcom
2015,Visual Concepts
2015,"Infinity Ward,Aspyr (Mac)"
2015,Double Action Factory
2015,Facepunch Studios
2015,Massive Entertainment
2015,Avalanche Studios
2015,Evil Tortilla Games
2013,Jagex Limited
2015,Coffee Stain Studios
2015,Eko Software
2015,OVERKILL - a Starbreeze Studio.
2015,Scott Cawthon
2015,"Studio Wildcard,Instinct Games,Efecto Studios,Virtual Basement LLC"
2015,Facepunch Studios
2015,"Trek Industries, Inc"
2015,Valve
2015,Telltale Games
2015,the whale husband
2015,Benjamin Rivers Inc.
2015,Treyarch
2014,Slightly Mad Studios
2015,Trashmasters
2015,ProjectorGames
2015,Capcom
2014,"Masangsoft, Inc."
2015,"CAPCOM Co., Ltd."
2014,Handyman Studios
2015,Digitalmindsoft
2015,Valve
2014,Smartly Dressed Games
2015,Smartly Dressed Games
2014,Little Green Men Games
2014,Paradox Development Studio
2014,Bohemia Interactive
2015,Splash Damage
2014,Evil Twin Artworks
2015,Valve
2015,"Monolith Productions,Feral Interactive (Mac),Feral Interactive (Linux)"
2014,Bohemia Interactive
2015,Hello Games
2015,Playsaurus
2015,DR Studios
2014,Valve
2015,Digital Extremes
2015,Rocksteady Studios
2015,Avalanche Studios
2015,Coffee Stain Studios
2015,Blue Mammoth Games
2015,Valve
2015,Fistful of Frags Team
2015,Reloaded Productions
2014,"FIX Korea, Co.LTD,FIX Games, Co. LTD"
2015,Valve
2014,"FIX Korea, Co.LTD,FIX Games, Co. LTD"
2015,Valve
2015,Code}{atch
2014,"FIX Korea, Co.LTD,FIX Games, Co. LTD"
2014,Capcom
2014,Criterion Games
2015,Ubisoft Montreal
2015,Campo Santo
2015,"DONTNOD Entertainment,Feral Interactive (Mac),Feral Interactive (Linux)"
2015,Valve
2014,Semaphore
2015,Techland
2015,Valve
2015,Hello Games
2014,Introversion Software
2015,Treyarch
2015,Bohemia Interactive
2015,"Codemasters,Feral Interactive (Linux)"
2015,Rockstar North
2015,VStep
2015,Gameguyz
2014,Noble Empire Corp.
2014,Positech Games
2015,Tango Gameworks
2015,Hello Games
2015,Bohemia Interactive
2015,"Jagex,Artplant"
2014,Introversion Software
2015,Shumkov Dmitriy
2014,Team17 Digital Ltd
2014,Capcom
2015,vikingfabian.com
2014,Valve
2015,Trion Worlds
2015,Valve
2015,Vostok Games
2015,"Studio Wildcard,Instinct Games,Efecto Studios,Virtual Basement LLC"
2015,Vae Victis Games
2015,Trion Worlds
2014,Digital Extremes
2015,Avalanche Studios
2014,"Sledgehammer Games,Raven Software"
2013,Andrii Vintsevych
2015,"Studio Wildcard,Instinct Games,Efecto Studios,Virtual Basement LLC"
2015,"Studio Wildcard,Instinct Games,Efecto Studios,Virtual Basement LLC"
2015,Reto-Moto
2015,Crytek
2015,Insurgency Development Team
2014,Nexon
2014,Deep Red Limited
2015,"FromSoftware, Inc"
2014,Infinity Ward
2015,The Behemoth
2015,Codemasters Studios
2014,Ubisoft
2014,Nexon
2014,Red Duck Inc.
2015,Trashmasters
2014,"The Quinnspiracy,Patrick Lindsey,Isaac Schankler"
2015,Treyarch
2014,"SkyBox Labs,Big Huge Games"
2013,Creative Assembly
2015,Reto-Moto
2015,Nexon
2014,"Ubisoft Montreal, Massive Entertainment, and Ubisoft Shanghai"
2015,Facepunch Studios
2014,Bohemia Interactive
2015,Valve
2015,PERFECT PARALLEL
2013,Valve
2015,Reto-Moto
2015,"Eidos-Montréal,Feral Interactive (Mac)"
2015,"DONTNOD Entertainment,Feral Interactive (Mac),Feral Interactive (Linux)"
2013,"Ubisoft Montreal, Massive Entertainment, and Ubisoft Shanghai"
2015,Valve
2014,Bossa Studios
2015,Zero Point Software
2014,Necrophone Games
2014,Double Fine Productions
2015,TB Games
2015,Hello Games
2015,Treyarch
2015,"NetherRealm Studios,High Voltage Software"
2015,Phosphor Games Studio
2015,Facepunch Studios
2015,Bohemia Interactive
2015,Daybreak Game Company
2015,Hello Games
2015,Daybreak Game Company
2015,Streum On Studio
2014,"Gearbox Software,Aspyr (Mac &amp; Linux)"
2015,"Sledgehammer Games,Raven Software"
2015,Turtle Rock Studios
2014,Bohemia Interactive
2015,"Jagex,Artplant"
2014,Bohemia Interactive
2014,Coffee Stain Studios
2015,Capcom
2014,Hardsuit Labs
2015,Red Hook Studios
2015,"IMCGAMES Co.,Ltd."
2015,"FromSoftware, Inc."
2015,id Software
2015,"Firaxis Games,Feral Interactive (Mac),Feral Interactive (Linux)"
2015,Bethesda Game Studios
2015,inXile Entertainment
2015,Payload Studios
2015,Freejam
2014,Ubisoft
2015,"Studio Wildcard,Instinct Games,Efecto Studios,Virtual Basement LLC"
2015,DICE
2015,Paradox Development Studio
2015,Edge of Reality
2015,Cape Copenhagen
2014,"Trek Industries, Inc"
2015,Nabi Studios
2015,Valve
2015,Treyarch
2014,Crytek
2015,Digital Leisure Inc.
2015,"Firaxis Games,Aspyr (Mac, Linux)"
2015,Bohemia Interactive
2015,Team Psykskallar
2015,Facepunch Studios
2015,"Idea Factory,Compile Heart,Sting"
2015,Treyarch
2015,KADOKAWA GAMES / GRASSHOPPER MANUFACTURE
2014,Freejam
2013,"FIX Korea, Co.LTD,FIX Games, Co. LTD"
2014,Tribute Games Inc.
2015,Valve
2015,Facepunch Studios
2014,"Skybox Labs,Hidden Path Entertainment,Ensemble Studios"
2014,Bethesda Game Studios
2015,"Jagex,Artplant"
2015,Ubisoft
2015,"Jundroo, LLC"
2015,Keen Software House
2015,Valve
2015,Ubisoft
2015,Bitbox Ltd.
2015,Hello Games
2015,Rockstar North
2015,"Trek Industries, Inc"
2015,Prism Game Studios Ltd.
2015,ProjectorGames
2014,Alexander Bruce
2014,Edmund McMillen and Florian Himsl
2015,Hostel Games
2014,Torn Banner Studios
2015,Tindalos Interactive
2014,"Expansive Worlds,Avalanche Studios"
2015,Heart Machine
2015,Splash Damage
2014,OVERKILL Software
2015,Raylight Games
2015,"Expansive Worlds,Avalanche Studios"
2015,Egosoft
2014,Cryptic Studios
2015,Doctor Entertainment AB
2015,Valve
2015,Turtle Rock Studios
2014,Vitali Kirpu
2015,Torn Banner Studios
2015,Reiza Studios
2015,"Expansive Worlds,Avalanche Studios"
2015,Hello Games
2015,Data Realms
2015,Valve
2014,Grey Havens
2015,Maxis™
2015,XLGAMES
2014,Rain Games
2015,Valve
2014,Outerlight Ltd.
2015,Facepunch Studios
2013,Infinity Ward
2014,Ubisoft
2015,Digital Extremes
2015,EA Los Angeles
2015,"Fortress Forever Development Team,Trepid Studios"
2015,Code}{atch
2014,EA Los Angeles
2014,Rockstar Studios
2014,Jagex Limited
2015,Team6 game studios B.V.
2015,"Firaxis Games,Aspyr (Mac, Linux)"
2015,Fistful of Frags Team
2015,Choice Provisions
2013,Lukewarm Media
2015,Creative Assembly
2015,Blue Mammoth Games
2015,"Tequila Works, S.L."
2014,Bossa Studios
2014,Obsidian Entertainment
2015,Hi-Rez Studios
2014,With The Love Studios
2015,Bohemia Interactive
2015,Forever Entertainment S. A.
2015,Freejam
2015,Fabio Ferrara
2015,Giants Software
2015,Creability
2015,WARTEAM
2015,Klei Entertainment
2014,"Traveller's Tales,Feral Interactive (Mac)"
2015,Invent4 Entertainment
2014,"Eric Hartman,Ben Garney,Anthony Rotondo"
2015,Avidly Wild Games
2014,Edge of Reality
2015,Facepunch Studios
2015,Ronimo Games
2015,Valve
2015,Deep Silver Volition
2015,Valve
2014,"Trek Industries, Inc"
2014,Doctor Entertainment AB
2015,Valve
2014,Bohemia Interactive
2014,Grey Havens
2014,FireFly Studios
2015,Valve
2014,"NetherRealm Studios,High Voltage Software"
2014,Dark Energy Digital Ltd.
2015,Reto-Moto
2015,Valve
2015,"Circle Five Studios,Pub Games"
2014,Ubisoft
2015,"IMCGAMES Co.,Ltd."
2013,Undead Labs
2015,"Crystal Dynamics,Feral Interactive (Mac),Feral Interactive (Linux)"
2014,Torn Banner Studios
2015,"Trek Industries, Inc"
2015,Crytek
2015,Yume Creations
2015,Facepunch Studios
2015,FromSoftware
2015,Nvizzio Creations
2014,Arkavi Studios
2015,roseVeRte
2013,BlueGiant Interactive
2015,"Eden Games,Hydravision Entertainment"
2014,Eidos Interactive
2014,FromSoftware
2015,Minskworks
2014,Bohemia Interactive
2014,"Zaxis Games,B-evil"
2015,Shiro Games
2015,Team 6 Studios
2013,Jagex Limited
2015,Bohemia Interactive
2014,Idea Factory
2015,Robotronic Games
2015,Frogsong Studios AB
2015,Bohemia Interactive
2015,Reto-Moto
2014,"FIX Korea, Co.LTD,FIX Games, Co. LTD"
2014,Phosphor Games Studio
2013,Ubisoft
2014,Hardsuit Labs
2015,Treyarch
2015,Endnight Games Ltd
2015,Valve
2013,id Software
2015,Valve
2014,"FIX Korea, Co.LTD,FIX Games, Co. LTD"
2014,Nekki GmbH
2015,Code}{atch
2014,Sector3 Studios
2014,Bohemia Interactive
2014,Smartly Dressed Games
2013,Creative Assembly
2015,Facepunch Studios
2015,Reto-Moto
2014,Wild Games Studio
2015,BlankMediaGames
2015,Armature Studio
2015,Ubisoft Montreal
2015,Jarhead Games
2015,Bethesda Game Studios
2015,Dovetail Games
2015,Rocksteady Studios
2015,Smartly Dressed Games
2014,Freegamer
2015,Square Enix
2015,Valve
2014,Wild Shadow Studios
2015,Gas Powered Games
2015,"Sledgehammer Games,Raven Software"
2015,Rockstar North
2015,Machine Games
2015,Capcom
2015,Rocksteady Studios
2014,Gearbox Software
2015,Exe Games Inc.
2015,Valve
2015,Rockstar North
2014,Alan Edwardes
2015,Crytek
2014,"The Quinnspiracy,Patrick Lindsey,Isaac Schankler"
2015,"Studio Wildcard,Instinct Games,Efecto Studios,Virtual Basement LLC"
2014,Edge of Reality
2015,Abstract Tree Studio
2015,Priority Interrupt
2015,"Trek Industries, Inc"
2015,Edge of Reality
2015,Infinity Ward
2015,"Sledgehammer Games,Raven Software"
2015,Telltale Games
2015,Paradox Development Studio
2014,Wild Shadow Studios
2015,New World Interactive
2014,Krillbite Studio
2015,Free Reign Entertainment
2015,Reloaded Productions
2015,Hardsuit Labs
2015,Valve
2014,Wild Shadow Studios
2015,Double Fine Productions
2014,Ubisoft
2015,Smartly Dressed Games
2015,Unicorn Games Studio
2013,Facepunch Studios
2014,Torn Banner Studios
2015,"Rocketeer Games Studio, LLC"
2015,Creative Assembly
2014,Phosphor Games Studio
2013,"FIX Korea, Co.LTD,FIX Games, Co. LTD"
2014,Valve
2015,"Studio Wildcard,Instinct Games,Efecto Studios,Virtual Basement LLC"
2015,Greenheart Games
2014,Infinity Ward
2014,Ubisoft
2014,Ratloop Asia
2014,Ronimo Games
2014,Bohemia Interactive
2015,Quickfire Games
2015,Re-Logic
2015,Puppygames
2015,Bohemia Interactive
2014,Nexon
2014,Facepunch Studios
2015,IO Interactive
2015,Ubisoft Toronto
2014,Capcom Vancouver
2015,Kyle Seeley
2015,Konami Digital Entertainment
2015,Erik Asmussen
2014,Wild Shadow Studios
2014,Ronimo Games
2014,Reto-Moto
2015,Turtle Rock Studios
2014,Archive Entertainment
2015,Star Gem Inc.
2014,Criterion Games
2015,Bohemia Interactive
2015,Valve
2015,Valve
2015,"FIX Korea, Co.LTD,FIX Games, Co. LTD"
2015,Turtle Rock Studios
2014,"Expansive Worlds,Avalanche Studios"
2015,Ubisoft Montreal
2015,"NetherRealm Studios,High Voltage Software"
2015,MobileBits
2015,ProjectorGames
2015,Bohemia Interactive
2014,"Io-Interactive A/S,Feral Interactive (Mac)"
2015,Ensemble Studios
2015,Jagex Limited
2015,"M2H,Blackmill Games"
2015,Hello Games
2015,"Monolith Productions,Feral Interactive (Mac),Feral Interactive (Linux)"
2014,Blackhole
2015,Bethesda Game Studios
2015,"Ubisoft Montreal, Massive Entertainment, and Ubisoft Shanghai"
2013,Infinity Ward
2015,Valve
2015,Vortal Storm
2015,Eugen Systems
2015,"Skybox Labs,Hidden Path Entertainment,Ensemble Studios"
2015,id Software
2014,Valve
2015,Bohemia Interactive
2015,Bohemia Interactive
2015,Bohemia Interactive
2015,TB Games
2015,Hello Games
2015,"Fabio Ferrara,Davide Caio,Nicolò Azzolini,Antonio Carcagnì,Luigi Di Guida,Tommaso Vita"
2015,Trendy Entertainment
2015,Bohemia Interactive
2015,Red Hook Studios
2015,"CI Games,Deck 13"
2015,Hello Games
2015,Square Enix
2015,Treyarch
2015,Valve
2015,Edge of Reality
2015,Smartly Dressed Games
2015,"Deep Silver Volition,High Voltage Software"
2014,"Expansive Worlds,Avalanche Studios"
2015,Hello Games
2015,Team 6 Studios
2015,Coffee Stain Studios
2015,David OReilly
2015,Digital Extremes
2015,Avalanche Studios
2015,Nexon
2015,Re-Logic
2015,Valve
2014,Ubisoft Montreal
2015,Rockstar North
2015,Bethesda Game Studios
2015,Edge Case Games Ltd.
2015,Juicy Beast Studio
2015,Hello Games
2015,Reto-Moto
2014,Big Robot Ltd
2015,Bohemia Interactive
2014,"Gearbox Software,Aspyr (Mac &amp; Linux)"
2015,Ubisoft Montreal
2015,"LucasArts,Aspyr Studios"
2014,Capcom Vancouver
2015,SnoutUp
2015,tobyfox
2014,Invent4 Entertainment
2015,"Studio Wildcard,Instinct Games,Efecto Studios,Virtual Basement LLC"
2014,Fullbright
2015,"NetherRealm Studios,High Voltage Software"
2015,Bohemia Interactive
2014,"Trek Industries, Inc"
2015,Valve
2015,Valve
2015,Andrii Vintsevych
2015,Jagex Limited
2015,Reto-Moto
2015,Wild Shadow Studios
2015,"LucasArts,Aspyr Studios"
2015,Lightmare Studio
2014,Valve
2015,Scott Cawthon
2015,Blue Byte
2014,Silesia Games Sp. z o.o.
2015,NEXON Korea Corp.
2015,Bohemia Interactive
2014,Blit Software
2014,Smartly Dressed Games
2014,Edge of Reality
2014,Daybreak Game Company
2015,"Irrational Games,Aspyr (Mac),Virtual Programming (Linux)"
2014,IF Studios
2015,Numinous Games
2015,Valve
2015,Reto-Moto
2014,Valve
2015,Croteam
2015,"Studio Wildcard,Instinct Games,Efecto Studios,Virtual Basement LLC"
2014,Infinity Ward
2014,OVERDRIVE
2015,Valve
2014,Freejam
2014,Reloaded Productions
2015,"Eidos Montreal,Feral Interactive (Linux),Feral Interactive (Mac)"
2015,Freejam
2014,Tribute Games Inc.
2014,Crytek
2015,"Rogue Star,Boreal Sun,Spider,Deadman"
2015,OVERKILL Software
2015,"Studio Wildcard,Instinct Games,Efecto Studios,Virtual Basement LLC"
2015,Code}{atch
2015,Limbic Entertainment
2015,Cadence Games
2015,Tripwire Interactive
2015,Massive Entertainment
2014,Valve
2014,Wild Shadow Studios
2014,Deep Silver Volition
2013,Infinity Ward
2014,Freejam
2014,Ubisoft Montreal
2015,Fullbright
2014,Telltale Games
2014,Creative Assembly
2015,"Creative Assembly, PC Port - Hardlight"
2015,"2K Australia,Gearbox Software,Aspyr (Mac and Linux)"
2014,"Expansive Worlds,Avalanche Studios"
2014,"Trek Industries, Inc"
2014,"Trek Industries, Inc"
2015,Cryptic Studios
2015,Ankama Studio
2015,Piranha Games Inc.
2015,Unknown Worlds Entertainment
2015,Splash Damage
2014,"2K Australia,Gearbox Software,Aspyr (Mac and Linux)"
2014,Egosoft
2015,Turtle Rock Studios
2015,"Studio Wildcard,Instinct Games,Efecto Studios,Virtual Basement LLC"
2014,Headup Games / Crenetic
2015,Telltale Games
2015,Jagex Limited
2015,Freejam
2015,Holotech Studios
2014,FireFly Studios
2014,Techland
2015,BlankMediaGames
2014,Bohemia Interactive
2015,"Monolith Productions, Inc."
2015,Facepunch Studios
2013,Valve
2015,Ion Storm
2014,Valve
2014,Crytek
2014,Valve
2015,Team Psykskallar
2015,Telltale Games
2014,Actalogic
2015,Creative Assembly
2015,Black Forest Games
2015,Joycity
2015,Ubisoft Montreal
2015,Dovetail Games
2015,Freejam
2015,Noble Empire Corp.
2015,Digital Dawn Studios
2015,"Studio Wildcard,Instinct Games,Efecto Studios,Virtual Basement LLC"
2015,Microblast Games
2015,Valve
2014,CCP
2014,Wild Shadow Studios
2015,"2K Australia,Gearbox Software,Aspyr (Mac and Linux)"
2015,Valve
2015,Treyarch
2015,ACQUIRE Corp.
2015,Running With Scissors
2015,"Bluehole, Inc."
2014,"Expansive Worlds,Avalanche Studios"
2014,id Software
2015,Archive Entertainment
2014,Muse Games
2015,Edge Case Games Ltd.
2015,"Psyonix, Inc."
2014,Valve
2015,Deep Silver Volition
2015,"Studio Wildcard,Instinct Games,Efecto Studios,Virtual Basement LLC"
2014,Smartly Dressed Games
2014,No More Room in Hell Team
2015,Reloaded Productions
2014,Gaijin Games
2015,Treyarch
2014,Valve
2015,DotEmu
2015,Hardsuit Labs
2014,Bohemia Interactive
2015,Mouldy Toof Studios
2015,Vostok Games
2014,Trashmasters
2015,Treyarch
2014,Bohemia Interactive
2013,Andrii Vintsevych
2015,"Henrique Pegacha,Rafael Lima,Nuno Guerreiro"
2014,"Big Huge Games,38 Studios"
2015,Marie Ronnaux Games
2015,Avalanche Studios
2015,Zenimax Online Studios
2014,Star Gem Inc.
2014,"Trek Industries, Inc"
2015,Splash Damage
2015,Paradox Development Studio
2013,"M2H,Blackmill Games"
2015,Splash Damage
2014,Jagex Limited
2015,Handyman Studios
2014,"Xavi Canal, Ben Palgi"
2015,"NetherRealm Studios,High Voltage Software"
2015,CSR-Studios
2015,Racing Bros
2015,Bohemia Interactive
2014,Stardock Entertainment
2015,HyperSloth
2015,Smartly Dressed Games
2015,Avalanche Studios
2014,XYLA Entertainment
2014,Reloaded Productions
2014,Deep Silver Volition
2014,Edge of Reality
2014,"Expansive Worlds,Avalanche Studios"
2015,Kyle Seeley
2014,Reloaded Productions
2015,Offworld Industries
2015,Freejam
2015,New World Interactive
2014,Bohemia Interactive
2014,Jagex Limited
2015,Shark Punch
2015,Bugbear
2015,Freejam
2013,"EA - Maxis,Aspyr (Mac)"
2013,"Tequila Works, S.L."
2015,Bohemia Interactive
2015,Treyarch
2015,5Wolf
2014,Reto-Moto
2015,Smartly Dressed Games
2015,Zenimax Online Studios
2015,Madruga Works
2015,Paradox Development Studio
2015,Aspyr Studios
2015,Bethesda Game Studios
2014,Reverie World Studios
2015,Valve
2015,Reto-Moto
2015,Hello Games
2014,Valve
2015,Creative Assembly
2014,"Noviy Disk,Lesta Studios Inc"
2015,"DONTNOD Entertainment,Feral Interactive (Mac),Feral Interactive (Linux)"
2015,Limbic Entertainment
2013,Facepunch Studios
2015,BRHP
2013,Wild Shadow Studios
2014,Chucklefish
2015,"Sledgehammer Games,Raven Software"
2015,Entrada Interactive LLC
2015,Freejam
2013,Double Fine Productions
2014,Fullbright
2015,Turtle Rock Studios
2014,"Monolith Productions,Feral Interactive (Mac),Feral Interactive (Linux)"
2015,"Studio Wildcard,Instinct Games,Efecto Studios,Virtual Basement LLC"
2014,"Expansive Worlds,Avalanche Studios"
2014,Mechanist Games
2015,Undead Labs
2015,Valve
2014,Facepunch Studios
2015,Valve
2015,Mad Otter Games
2014,Airtight Games
2013,"M2H,Blackmill Games"
2015,Hardsuit Labs
2015,Microblast Games
2015,Squad
2015,Daniel Mullins Games
2014,Reloaded Productions
2015,"Jagex,Artplant"
2015,"Amaranth Games, LLC"
2014,Archive Entertainment
2014,Uber Entertainment
2014,Smartly Dressed Games
2015,Reto-Moto
2015,"Rocketeer Games Studio, LLC"
2015,"BadFly Interactive, a.s."
2015,"BioWare,Aspyr (Mac)"
2014,Valve
2011,1C Company
2015,"Marvelous, Inc."
2014,Sector3 Studios
2015,"Jagex,Artplant"
2015,Facepunch Studios
2015,Valve
2015,Jagex Limited
2015,Rockstar North
2015,Facepunch Studios
2015,Endnight Games Ltd
2014,Ronimo Games
2015,"Team NINJA,KOEI TECMO GAMES CO., LTD."
2015,Hello Games
2015,Shumkov Dmitriy
2015,Puny Human
2015,Valve
2014,Konstantin Koshutin
2014,"WB Games Montreal,Splash Damage"
2015,SEGA
2015,Digital Extremes
2015,Fallen Snow Studios
2015,Nexon
2015,Treyarch
2014,Wild Games Studio
2015,Reto-Moto
2015,Exe Games Inc.
2014,Psychic Software
2014,Phosphor Games Studio
2014,Valve
2014,Coffee Stain Studios
2014,"Trek Industries, Inc"
2015,2Play
2014,Krillbite Studio
2015,New World Interactive
2014,Daybreak Game Company
2015,Hi-Rez Studios
2014,Phosphor Games Studio
2015,Ivory Tower in collaboration with Ubisoft Reflections
2015,Valve
2015,Telltale Games
2015,Facepunch Studios
2015,Freakinware Limited
2015,Wild Shadow Studios
2015,Tesseract Interactive
2015,Rockstar North
2013,Jagex Limited
2015,Bohemia Interactive
2015,Retro Yeti Games
2015,Hardsuit Labs
2013,Streum On Studio
2015,Bohemia Interactive
2015,Introversion Software
2014,"Trion Worlds, Inc."
2014,Edge of Reality
2014,The Sims Studio
2014,Reloaded Productions
2015,Hello Games
2014,Archive Entertainment
2015,Remedy Entertainment
2014,Coffee Stain Studios
2015,"NetherRealm Studios,High Voltage Software"
2015,Entrada Interactive LLC
2014,Valve
2015,Valve
2015,Valve
2014,Valve
2014,Kukouri
2015,Facepunch Studios
2015,"Sledgehammer Games,Raven Software"
2014,Reto-Moto
2015,Beam Team Games
2014,Valve
2015,Rail Slave Games
2014,Edge of Reality
2014,FromSoftware
2015,Hello Games
2015,Dan Walters
2015,Hello Games
2015,Rocksteady Studios
2015,Valve
2015,"NetherRealm Studios,High Voltage Software"
2014,Reality Pump
2015,Bohemia Interactive
2015,WeMade
2015,Telltale Games
2014,Ragequit Corporation
2015,New World Interactive
2014,Valve
2015,"Sledgehammer Games,Raven Software"
2014,"Ubisoft Montreal, Massive Entertainment, and Ubisoft Shanghai"
2015,tobyfox
2015,Code}{atch
2014,Fullbright
2015,Valve
2015,Avalanche Studios
2014,Codemasters
2015,Tango Gameworks
2015,Hello Games
2014,Chucklefish
2015,Nexon
2015,"Studio Wildcard,Instinct Games,Efecto Studios,Virtual Basement LLC"
2014,Bohemia Interactive
2013,Infinity Ward
2015,Valve
2015,Shield Break Studios
2014,Brain Bombers
2015,Colossal Order Ltd.
2014,Square Enix
2015,Konami Digital Entertainment
2014,Nomad Games
2015,Orange_Juice
2015,Gearbox Software
2015,Bongfish GmbH
2015,Turtle Rock Studios
2015,Fatshark
2015,Bohemia Interactive
2015,Reto-Moto
2015,Freejam
2015,Crazy Moo Games
2014,Arrowhead Game Studios
2014,Black Element
2015,Hardsuit Labs
2015,Massive Entertainment
2015,Treyarch
2014,Capcom Game Studio Vancouver
2015,Codemasters
2014,The Behemoth
2015,"Sledgehammer Games,Raven Software"
2015,Mohawk Games
2014,"SNK CORPORATION,DotEmu"
2015,Creative Assembly
2014,"Monochrome, Inc"
2014,Sector3 Studios
2015,Valve
2014,Bohemia Interactive
2014,Bohemia Interactive
2014,Smartly Dressed Games
2014,"2K Czech,Feral Interactive (Mac)"
2014,Avalanche Studios
2013,Bedlam Games
2014,Rebellion
2014,"PopCap Games, Inc."
2014,Bohemia Interactive
2014,Aleksey Abramenko
2015,Rebellion
2014,Treyarch
2014,id Software
2015,"Firaxis Games,Feral Interactive (Mac),Feral Interactive (Linux)"
2014,"Trek Industries, Inc"
2015,Valve
2015,Ubisoft
2015,"Virtual Basement LLC,Code Headquarters LLC"
2014,Invent4 Entertainment
2014,FromSoftware
2014,FireFly Studios
2015,Bohemia Interactive
2015,Valve
2014,EA Los Angeles
2015,Bossa Studios
2015,Hesketh Studios
2014,"Trion Worlds, Inc."
2015,Offworld Industries
2014,Facepunch Studios
2015,Cyanide Studios
2015,New World Interactive
2015,Hello Games
2015,"Volition,Reactor Zero,THQ Nordic"
2015,Elijah Newman-Gomez
2015,"IMCGAMES Co.,Ltd."
2015,Robot Entertainment
2015,Oddworld Inhabitants
2015,"Studio Wildcard,Instinct Games,Efecto Studios,Virtual Basement LLC"
2015,Treyarch
2014,Valve
2015,Facepunch Studios
2014,Edge of Reality
2014,3909
2014,Nadeo
2015,Hello Games
2014,Bohemia Interactive
2014,No More Room in Hell Team
2014,"PopTop Software,BreakAway Games,Frog City Software"
2014,Nom Nom Games
2014,Egosoft
2014,Blendo Games
2015,SEGA
2014,Ubisoft
2015,GameORE
2015,Straight Right
2015,"CAPCOM Co., Ltd."
2014,DoubleDutch Games
2015,Rockstar North
2015,Valve
2014,OVERKILL - a Starbreeze Studio.
2013,Reloaded Productions
2015,Sky Drake Studios
2015,Smartly Dressed Games
2014,Phosphor Games Studio
2015,"Fabio Ferrara,Davide Caio,Nicolò Azzolini,Antonio Carcagnì,Luigi Di Guida,Tommaso Vita"
2015,"FIX Korea, Co.LTD,FIX Games, Co. LTD"
2015,Nexon
2015,Coffee Stain Studios
2015,Frozenbyte
2015,"Tequila Works, S.L."
2015,Reloaded Productions
2015,Tlön Studios
2015,"Pixel Dash Studios, EQgames"
2015,Fatshark
2015,KITATUS STUDIOS
2015,Valve
2014,Facepunch Studios
2015,"Fabio Ferrara,Davide Caio,Nicolò Azzolini,Antonio Carcagnì,Luigi Di Guida,Tommaso Vita"
2014,"Expansive Worlds,Avalanche Studios"
2015,"Jagex,Artplant"
2014,Nival
2015,Treyarch
2015,Hello Games
2014,Bohemia Interactive
2014,"Expansive Worlds,Avalanche Studios"
2015,Rockstar North
2015,Uber Entertainment
2013,Digerati Distribution
2013,No More Room in Hell Team
2014,Grey Havens
2015,Back To Basics Gaming
2015,"gord10,Aslan Game Studio"
2015,Wild Shadow Studios
2013,Snowbird Games
2015,Team Psykskallar
2015,Bohemia Interactive
2015,Critical Studio
2014,Facepunch Studios
2015,"NetherRealm Studios,High Voltage Software"
2014,"Signal Studios,Krome Studios"
2014,Valve
2015,Aspyr
2015,Valve
2014,Zero Point Software
2014,Blue Isle Studios
2014,9heads Game Studios
2014,Bohemia Interactive
2015,Torn Banner Studios
2015,Focus Home Interactive
2015,Tripwire Interactive
2015,Facepunch Studios
2015,Digital Extremes
2015,Valve
2014,Threaks
2014,Valve
2015,Valve
2015,Konami Digital Entertainment
2015,Torn Banner Studios
2015,"Studio Wildcard,Instinct Games,Efecto Studios,Virtual Basement LLC"
2015,Valve
2014,Crytek
2015,DotEmu
2014,Geoff Keighley
2015,Edge Case Games Ltd.
2015,Digital Extremes
2015,"Studio Wildcard,Instinct Games,Efecto Studios,Virtual Basement LLC"
2014,Terry Cavanagh
2014,ProjectorGames
2015,Valve
2014,Edmund McMillen and Florian Himsl
2015,Hello Games
2014,Devil's Details
2015,Valve
2015,oddonegames
2014,Valve
2014,Bohemia Interactive
2015,"IDEA FACTORY Co., Ltd.,COMPILE HEART Co., Ltd.,FELISTELLA Co., Ltd."
2015,Facepunch Studios
2015,Joycity
2015,Hardsuit Labs
2014,Grey Havens
2015,InvertMouse
2014,STUDIO RADI-8
2015,Bohemia Interactive
2014,Keen Games
2015,"Studio Wildcard,Instinct Games,Efecto Studios,Virtual Basement LLC"
2015,New World Interactive
2014,Wild Shadow Studios
2015,Smartly Dressed Games
2014,Rail Slave Games
2015,"RedLynx, in collaboration with  Ubisoft Shanghai, Ubisoft Kiev"
2015,Vertigo Games
2015,Telltale Games
2014,Facepunch Studios
2014,Crytek
2014,DICE
2014,Endnight Games Ltd
2015,Rockstar North
2015,KOG
2014,Pandemic Studios
2013,Terry Cavanagh
2013,Ed Key and David Kanaga
2015,Touz
2015,Facepunch Studios
2015,Wild Shadow Studios
2014,Jagex Limited
2015,Valve
2014,Endnight Games Ltd
2015,Facepunch Studios
2014,Suspicious Developments
2015,Pieces Interactive
2015,SCS Software
2014,"Sledgehammer Games,Raven Software"
2014,Bossa Studios
2015,Valve
2014,"Trek Industries, Inc"
2014,Smartly Dressed Games
2015,"KOEI TECMO GAMES CO., LTD."
2015,Reto-Moto
2014,Arrowhead Game Studios
2015,Facepunch Studios
2015,Treyarch
2014,City Interactive
2015,"NetherRealm Studios,High Voltage Software"
2014,KADOKAWA
2014,Meridian4
2014,Cyanide Studio
2014,Ronimo Games
2015,Valve
2014,Starbreeze
2015,Crowbar Collective
2015,Core Design
2013,Polytron Corporation
2014,9heads Game Studios
2014,Bohemia Interactive
2014,Infinity Ward
2013,Reloaded Productions
2014,Valve
2015,Polytron Corporation
2014,Minor Key Games
2014,Freejam
2013,Blendo Games
2015,Valve
2015,Bohemia Interactive
2014,"Atari, Cubed Productions LLC"
2014,Crytek
2015,Reloaded Productions
2015,Vostok Games
2014,"Hopoo Games, LLC"
2015,Square Enix
2014,U.S. Army
2014,Freejam
2015,Net Games Laboratory
2013,Gravity Interactive
2014,Ubisoft
2014,Tripwire Interactive
2014,Digital Extremes
2015,"Eidos-Montréal,Feral Interactive (Mac)"
2015,Tripwire Interactive
2015,Creative Assembly
2014,Valve
2015,Rockstar North
2014,"Expansive Worlds,Avalanche Studios"
2013,Positech Games
2013,MinMax Games Ltd.
2015,Splash Damage
2014,Rebellion
2014,Valve
2014,Valve
2014,"Expansive Worlds,Avalanche Studios"
2014,Invent4 Entertainment
2015,Alientrap
2015,Scott Cawthon
2015,Reloaded Productions
2015,"Rocketeer Games Studio, LLC"
2014,Edge of Reality
2014,Krillbite Studio
2015,Valve
2015,Reloaded Productions
2014,"Expansive Worlds,Avalanche Studios"
2015,Fullbright
2015,Bohemia Interactive
2015,Rockstar North
2015,Reto-Moto
2014,"Sledgehammer Games,Raven Software"
2015,"Creative Assembly,Feral Interactive (Linux),Feral Interactive (Mac)"
2013,"NetherRealm Studios,High Voltage Software"
2014,Trashmasters
2015,"Monochrome, Inc"
2015,Piranha Bytes
2015,Nexon
2015,Double Fine Productions
2014,"Eric Hartman,Ben Garney,Anthony Rotondo"
2013,Nadeo
2015,Valve
2014,Noble Empire Corp.
2014,Crytek
2015,Treyarch
2015,Visual Concepts
2014,Three Rings
2014,Nexon
2014,KOG
2015,Rockstar North
2014,Facepunch Studios
2015,"Rocketeer Games Studio, LLC"
2015,New World Interactive
2015,5th Cell Media
2015,Teotl Studios
2014,"Gearbox Software,Aspyr (Mac &amp; Linux)"
2015,Valve
2015,Blue Byte
2015,Fancy Fish Games
2014,"Trek Industries, Inc"
2014,"Team Bondi,Rockstar Leeds"
2015,Splash Damage
2014,"FIX Korea, Co.LTD,FIX Games, Co. LTD"
2015,Free Reign Entertainment
2015,Valve
2014,Jagex Limited
2015,Shumkov Dmitriy
2015,Climax Studios
2013,Bohemia Interactive
2015,Code}{atch
2015,Bitbox Ltd.
2014,Bohemia Interactive
2014,Facepunch Studios
2015,Rockstar North
2014,"Irrational Games,Aspyr (Mac),Virtual Programming (Linux)"
2015,Facepunch Studios
2015,"Studio Wildcard,Instinct Games,Efecto Studios,Virtual Basement LLC"
2015,"Tlön Studios,Ilex Games"
2015,Treyarch
2013,Infinity Ward
2014,"Monolith Productions,Feral Interactive (Mac),Feral Interactive (Linux)"
2015,Facepunch Studios
2013,Archive Entertainment
2015,Valve
2015,Reto-Moto
2015,"Sledgehammer Games,Raven Software"
2015,Coffee Stain Studios
2014,Shiver Games
2015,Ubisoft Montreal
2015,"NetherRealm Studios,High Voltage Software"
2015,Valve
2015,"Psyonix, Inc."
2015,Opus
2015,Facepunch Studios
2015,Freejam
2014,Traveller's Tales
2015,Jagex Limited
2015,"Redlynx Ltd,Ubisoft  Shanghaï"
2015,"Skybox Labs,Hidden Path Entertainment,Ensemble Studios"
2015,Valve
2014,Day 1 Studios
2014,Bohemia Interactive
2015,"Expansive Worlds,Avalanche Studios"
2015,Beam Team Games
2015,Infinity Ward
2013,Valve
2015,"Nina Freeman,Laura Knetzger,Stephen Lawrence Clark"
2014,Smartly Dressed Games
2014,Daybreak Game Company
2014,Endnight Games Ltd
2015,Bankroll Studios
2015,Scott Cawthon
2015,Arrowhead Game Studios
2014,ACE Team
2014,"CI Games,Deck 13"
2015,Mouldy Toof Studios
2014,DICE
2015,Archive Entertainment
2014,Valve
2013,Creative Assembly
2015,Rocksteady Studios
2015,Telltale Games
2015,"Studio Wildcard,Instinct Games,Efecto Studios,Virtual Basement LLC"
2015,Treyarch
2013,Andrii Vintsevych
2014,"CAPCOM Co., Ltd."
2015,Hardsuit Labs
2015,Crian Soft
2014,800 North and Digital Ranch
2013,Terry Cavanagh
2015,Valve
2015,TaleWorlds Entertainment
2015,Paradox Development Studio
2015,Trendy Entertainment
2014,Eric Provan - Ayyo Games
2014,Crackshell
2014,DICE
2014,Facepunch Studios
2014,Wild Games Studio
2015,Jagex Limited
2015,Splash Damage
2014,Crytek
2015,"Signal Studios,Smart Ghost"
2014,"Monochrome, Inc"
2014,Cryptic Studios
2014,New World Interactive
2015,Digital Extremes
2015,777 Studios
2014,Ubisoft
2015,"Monolith Productions, Inc."
2015,Smartly Dressed Games
2015,Valve
2015,Reto-Moto
2014,Valve
2013,Daybreak Game Company
2014,Edge of Reality
2015,Facepunch Studios
2015,"Studio Wildcard,Instinct Games,Efecto Studios,Virtual Basement LLC"
2015,"Gearbox Software,Aspyr (Mac &amp; Linux)"
2014,Awesome Games Studio
2015,"Studio Wildcard,Instinct Games,Efecto Studios,Virtual Basement LLC"
2014,Reto-Moto
2015,Smartly Dressed Games
2014,"Trek Industries, Inc"
2015,"Ubisoft Montreal, Red Storm, Shanghai, Toronto, Kiev"
2013,FireFly Studios
2013,Gaijin Games
2015,"TaleWorlds Entertainment,Flying Squirrel Entertainment"
2014,Treyarch
2015,Valve
2014,"Sledgehammer Games,Raven Software"
2013,Facepunch Studios
2014,Elijah Newman-Gomez
2014,Hardsuit Labs
2014,Phosphor Games Studio
2015,Yager Development
2015,Smartly Dressed Games
2015,Chucklefish
2015,Trion Worlds
2015,Bohemia Interactive
2014,Edge of Reality
2014,GSC Game World
2014,Smartly Dressed Games
2014,Bossa Studios
2014,Secret Exit Ltd.
2015,Tribe Studios
2015,Freejam
2015,"BitMonster, Inc."
2015,Messhof
2014,Valve
2014,"FIX Korea, Co.LTD,FIX Games, Co. LTD"
2014,"Masangsoft, Inc."
2014,Nabi Studios
2015,Bohemia Interactive
2015,"Psyonix, Inc."
2015,Smartly Dressed Games
2015,Wolfire Games
2014,Traveller's Tales
2014,Phosphor Games Studio
2015,Axolot Games
2014,Treyarch
2015,Mad Otter Games
2015,Bohemia Interactive
2014,Digital Extremes
2014,Suspicious Developments
2015,Telltale Games
2014,Telltale Games
2014,No More Room in Hell Team
2015,"The Quinnspiracy,Patrick Lindsey,Isaac Schankler"
2015,Rocksteady Studios
2014,Nabi Studios
2014,Valve
2013,Infinity Ward
2015,"FIX Korea, Co.LTD,FIX Games, Co. LTD"
2015,Wild Shadow Studios
2015,Freejam
2014,Mode 7
2014,OVERKILL - a Starbreeze Studio.
2015,"AlPixel Games,Luis Diaz,Gustavo Santos,Albert Fernandez,Tice Thomason"
2015,Valve
2015,Snowblind Studios
2014,Infinity Ward
2015,Hello Games
2015,Valve
2015,Stainless Games Ltd.
2015,Facepunch Studios
2015,Techland
2013,Jagex Limited
2013,Valve
2015,DiggerWorld Ltd.
2015,Digital Extremes
2015,Reto-Moto
2015,Microblast Games
2015,Valve
2015,Cherry Pop Games
2015,Bohemia Interactive
2014,Muse Games
2015,Blue Byte
2014,"Monolith Productions, Inc."
2015,"Gearbox Software,Aspyr (Mac &amp; Linux)"
2015,"Studio Wildcard,Instinct Games,Efecto Studios,Virtual Basement LLC"
2014,Bohemia Interactive
2015,Shumkov Dmitriy
2015,Nomad Games
2015,Shortbreak Studios s.c.
2015,Re-Logic
2014,Microblast Games
2015,Free Reign Entertainment
2015,"Atari, Cubed Productions LLC"
2015,Valve
2014,Tribe Studios
2014,Edge of Reality
2014,Facepunch Studios
2014,Sixense
2014,Wild Shadow Studios
2014,Archive Entertainment
2015,"Syrin Studios,Small Impact Games"
2015,Smartly Dressed Games
2014,Bohemia Interactive
2015,Ubisoft Montreal
2014,Frogwares
2015,Treyarch
2015,JDM4iK
2015,ShaunJS
2015,"Sledgehammer Games,Raven Software"
2015,Visual Concepts
2015,Nexon
2015,WARTEAM
2015,Fistful of Frags Team
2015,Zenimax Online Studios
